,title,date,public,duration,note,genre,actors,origin language,Origin country,synopsis
0,Les Évadés,1994,Tous publics,142.0,9.3,Drama,"Tim Robbins,Morgan Freeman,Bob Gunton",,,"Two imprisoned men bond over a number of years, finding solace and eventual redemption through acts of common decency."
1,...et pour quelques dollars de plus,1965,18,132.0,8.2,Western,"Clint Eastwood,Lee Van Cleef,Gian Maria Volontè",,,Two bounty hunters with the same intentions team up to track down a Western outlaw.
2,Heat,1995,Tous publics avec avertissement,170.0,8.2,"Action,Crime,Drama","Al Pacino,Robert De Niro,Val Kilmer",,United States,A group of high-end professional thieves start to feel the heat from the LAPD when they unknowingly leave a clue at their latest heist.
3,Le garde du corps,1961,Tous publics,110.0,8.2,"Action,Drama,Thriller","Toshirô Mifune,Eijirô Tôno,Tatsuya Nakadai",,Japan,A crafty ronin comes to a town divided by two criminal gangs and decides to play them against each other to free the town.
4,Indiana Jones et la dernière croisade,1989,Tous publics,127.0,8.2,"Action,Adventure","Harrison Ford,Sean Connery,Alison Doody",,United States,"In 1938, after his father Professor Henry Jones, Sr. goes missing while pursuing the Holy Grail, Professor Henry ""Indiana"" Jones, Jr. finds himself up against Adolf Hitler's Nazis again to stop them from obtaining its powers."
5,Toy Story 3,2010,Tous publics,103.0,8.2,"Animation,Adventure,Comedy","Tom Hanks,Tim Allen,Joan Cusack",,United States,"The toys are mistakenly delivered to a day-care center instead of the attic right before Andy leaves for college, and it's up to Woody to convince the other toys that they weren't abandoned and to return home."
6,1917,2019,Tous publics avec avertissement,119.0,8.3,"Action,Drama,War","Dean-Charles Chapman,George MacKay,Daniel Mays","English,French,German",,"April 6th, 1917. As a regiment assembles to wage war deep in enemy territory, two soldiers are assigned to race against time and deliver a message that will stop 1,600 men from walking straight into a deadly trap."
7,Du silence et des ombres...,1962,12,129.0,8.3,"Crime,Drama","Gregory Peck,John Megna,Frank Overton",,United States,"Atticus Finch, a widowed lawyer in Depression-era Alabama, defends a black man against an undeserved rape charge, and his children against prejudice."
8,Le fabuleux destin d'Amélie Poulain,2001,Tous publics,122.0,8.3,"Comedy,Romance","Audrey Tautou,Mathieu Kassovitz,Rufus",,"France,Germany","Amélie is an innocent and naive girl in Paris with her own sense of justice. She decides to help those around her and, along the way, discovers love."
9,Scarface,1983,13,170.0,8.3,"Crime,Drama","Al Pacino,Michelle Pfeiffer,Steven Bauer",,United States,"In 1980 Miami, a determined Cuban immigrant takes over a drug cartel and succumbs to greed."
10,Snatch - Tu braques ou tu raques,2000,Tous publics,104.0,8.3,"Comedy,Crime","Jason Statham,Brad Pitt,Stephen Graham",,"United Kingdom,United States","Unscrupulous boxing promoters, violent bookmakers, a Russian gangster, incompetent amateur robbers and supposedly Jewish jewelers fight to track down a priceless stolen diamond."
11,Là-haut,2009,Tous publics,96.0,8.2,"Animation,Adventure,Comedy","Ed Asner,Jordan Nagai,John Ratzenberger",,United States,"78-year-old Carl Fredricksen travels to Paradise Falls in his house equipped with balloons, inadvertently taking a young stowaway."
12,L.A. Confidential,1997,Tous publics,138.0,8.2,"Crime,Drama,Mystery","Kevin Spacey,Russell Crowe,Guy Pearce",,United States,"As corruption grows in 1950s Los Angeles, three policemen - one strait-laced, one brutal, and one sleazy - investigate a series of murders with their own brand of justice."
13,La complainte du sentier,1955,Tous Public,125.0,8.4,Drama,"Kanu Bannerjee,Karuna Bannerjee,Subir Banerjee",,India,"Impoverished priest Harihar Ray, dreaming of a better life for himself and his family, leaves his rural Bengal village in search of work."
14,Une séparation,2011,Tous publics,123.0,8.3,Drama,"Payman Maadi,Leila Hatami,Sareh Bayat",,"Iran,France,Australia",A married couple are faced with a difficult decision - to improve the life of their child by moving to another country or to stay in Iran and look after a deteriorating parent who has Alzheimer's disease.
15,"Paris, Texas",1984,Tous publics,145.0,8.1,Drama,"Harry Dean Stanton,Nastassja Kinski,Dean Stockwell",,,"Travis Henderson, an aimless drifter who has been missing for four years, wanders out of the desert and must reconnect with society, himself, his life, and his family."
16,Neon Genesis Evangelion: The End of Evangelion,1997,12,87.0,8.1,"Animation,Action,Drama","Megumi Ogata,Megumi Hayashibara,Yûko Miyamura",,Japan,Concurrent theatrical ending of the TV series Shin seiki evangerion (1995).
17,Les nuits de Cabiria,1957,Tous publics,110.0,8.1,Drama,"Giulietta Masina,François Périer,Franca Marzi",,"Italy,France",A waifish prostitute wanders the streets of Rome looking for true love but finds only heartbreak.
18,Sardar Udham,2021,16,164.0,8.9,"Biography,Crime,Drama","Vicky Kaushal,Banita Sandhu,Shaun Scott",,India,A biopic detailing the 2 decades that Punjabi Sikh revolutionary Udham Singh spent planning the assassination of the man responsible for the Jallianwala Bagh massacre.
19,L'Arnaque,1973,Tous publics,129.0,8.3,"Comedy,Crime,Drama","Paul Newman,Robert Redford,Robert Shaw",,United States,Two grifters team up to pull off the ultimate con.
20,La bataille d'Alger,1966,Tous publics,121.0,8.1,"Drama,War","Brahim Hadjadj,Jean Martin,Yacef Saadi",,"Italy,Algeria","In the 1950s, fear and violence escalate as the people of Algiers fight for independence from the French government."
21,Fanny et Alexandre,1982,Not Rated,188.0,8.1,Drama,"Bertil Guve,Pernilla Allwin,Kristina Adolphson",,,"Two young Swedish children in the 1900s experience the many comedies and tragedies of their lively and affectionate theatrical family, the Ekdahls."
22,Before Sunset,2004,Tous publics,80.0,8.1,"Drama,Romance","Ethan Hawke,Julie Delpy,Vernon Dobtcheff",,,"Nine years after Jesse and Celine first met, they encounter each other again on the French leg of Jesse's book tour."
23,Into the Wild,2007,Tous publics,148.0,8.1,"Adventure,Biography,Drama","Emile Hirsch,Vince Vaughn,Catherine Keener","English,Danish",,"After graduating from Emory University, top student and athlete Christopher McCandless abandons his possessions, gives his entire $24,000 savings account to charity and hitchhikes to Alaska to live in the wilderness. Along the way, Christopher encounters a series of characters that shape his life."
24,New York - Miami,1934,Tous publics,105.0,8.1,"Comedy,Romance","Clark Gable,Claudette Colbert,Walter Connolly",,United States,"A renegade reporter trailing a young runaway heiress for a big story joins her on a bus heading from Florida to New York, and they end up stuck with each other when the bus leaves them behind at one of the stops."
25,Rocky,1976,Tous publics,,8.1,"Drama,Sport","Sylvester Stallone,Talia Shire,Burt Young",,United States,A small-time Philadelphia boxer gets a supremely rare chance to fight the world heavyweight champion in a bout in which he strives to go the distance for his self-respect.
26,Andreï Roublev,1966,R,205.0,8.1,"Biography,Drama,History","Anatoliy Solonitsyn,Ivan Lapikov,Nikolay Grinko",,,"The life, times and afflictions of the fifteenth-century Russian iconographer St. Andrei Rublev."
27,Nausicaä de la vallée du vent,1984,Tous publics,117.0,8.1,"Animation,Adventure,Sci-Fi","Sumi Shimamoto,Mahito Tsujimura,Hisako Kyôda",,Japan,Warrior and pacifist Princess Nausicaä desperately struggles to prevent two warring nations from destroying themselves and their dying planet.
28,Princess Bride,1987,Tous publics,98.0,8.1,"Adventure,Family,Fantasy","Cary Elwes,Mandy Patinkin,Robin Wright",,"United Kingdom,United States","While homesick in bed, a young boy's grandfather reads him the story of a farmboy-turned-pirate who encounters numerous obstacles, enemies and allies in his quest to be reunited with his true love."
29,Rush,2013,Tous publics,123.0,8.1,"Action,Biography,Drama","Daniel Brühl,Chris Hemsworth,Olivia Wilde",,"United Kingdom,Germany,United States",The merciless 1970s rivalry between Formula One rivals James Hunt and Niki Lauda.
30,Eskiya le bandit,1996,Tous publics,121.0,8.2,"Crime,Drama,Thriller","Sener Sen,Ugur Yücel,Sermin Hürmeriç",,Color,"Baran the Bandit, released from prison after 35 years, searches for vengeance and his lover."
31,Monty Python : La Vie de Brian,1979,Tous publics,94.0,8.1,Comedy,"Graham Chapman,John Cleese,Michael Palin",,United Kingdom,"Born on the original Christmas in the stable next door to Jesus Christ, Brian of Nazareth spends his life being mistaken for a messiah."
32,Hôtel Rwanda,2004,Tous Public,121.0,8.1,"Biography,Drama,History","Don Cheadle,Sophie Okonedo,Joaquin Phoenix",,"United Kingdom,South Africa,Italy,United States","Paul Rusesabagina, a hotel manager, houses over a thousand Tutsi refugees during their struggle against the Hutu militia in Rwanda, Africa."
33,Monstres & Cie,2001,Tous publics,92.0,8.1,"Animation,Adventure,Comedy","Billy Crystal,John Goodman,Mary Gibbs",,United States,"In order to power the city, monsters have to scare children so that they scream. However, the children are toxic to the monsters, and after a child gets through, two monsters realize things may not be what they think."
34,Spotlight,2015,Tous publics,129.0,8.1,"Biography,Crime,Drama","Mark Ruffalo,Michael Keaton,Rachel McAdams",,United States,"The true story of how the Boston Globe uncovered the massive scandal of child molestation and cover-up within the local Catholic Archdiocese, shaking the entire Catholic Church to its core."
35,Platoon,1986,12,,8.1,"Drama,War","Charlie Sheen,Tom Berenger,Willem Dafoe",,"United States,United Kingdom","Chris Taylor, a neophyte recruit in Vietnam, finds himself caught in a battle of wills between two sergeants, one good and the other evil. A shrewd examination of the brutality of war and the duality of man in conflict."
36,Amours chiennes,2000,12,154.0,8.1,"Drama,Thriller","Emilio Echevarría,Gael García Bernal,Goya Toledo",,Mexico,"A horrific car accident connects three stories, each involving characters dealing with loss, regret, and life's harsh realities, all in the name of love."
37,Silent Voice,2016,Tous publics,130.0,8.2,"Animation,Drama","Miyu Irino,Saori Hayami,Aoi Yûki",,Japan,"A young man is ostracized by his classmates after he bullies a deaf girl to the point where she moves away. Years later, he sets off on a path for redemption."
38,In the Mood for Love,2000,Tous publics,98.0,8.1,"Drama,Romance","Tony Chiu-Wai Leung,Maggie Cheung,Siu Ping-Lam",,"Hong Kong,China","Two neighbors form a strong bond after both suspect extramarital activities of their spouses. However, they agree to keep their bond platonic so as not to commit similar wrongs."
39,Rebecca,1940,Tous publics,130.0,8.1,"Drama,Mystery,Romance","Laurence Olivier,Joan Fontaine,George Sanders",,United States,A self-conscious woman juggles adjusting to her new role as an aristocrat's wife and avoiding being intimidated by his first wife's spectral presence.
40,Luke la main froide,1967,12,127.0,8.1,"Crime,Drama","Paul Newman,George Kennedy,Strother Martin",,,"A laid back Southern man is sentenced to two years in a rural prison, but refuses to conform."
41,Les Quatre Cents Coups,1959,Tous publics,99.0,8.1,"Crime,Drama","Jean-Pierre Léaud,Albert Rémy,Claire Maurier",,France,"A young boy, left without attention, delves into a life of petty crime."
42,La Haine,1995,Tous publics,98.0,8.1,"Crime,Drama","Vincent Cassel,Hubert Koundé,Saïd Taghmaoui",,,24 hours in the lives of three young men in the French suburbs the day after a violent riot.
43,Hatchi,2009,Tous publics,93.0,8.1,"Biography,Drama,Family","Richard Gere,Joan Allen,Cary-Hiroyuki Tagawa",,,A college professor bonds with an abandoned dog he takes into his home.
44,Network - Main basse sur la TV,1976,Tous publics,121.0,8.1,Drama,"Faye Dunaway,William Holden,Peter Finch",,United States,"A television network cynically exploits a deranged former anchor's ravings and revelations about the news media for its own profit, but finds that his message may be difficult to control."
45,Gangs of Wasseypur,2012,Tous publics avec avertissement,321.0,8.2,"Action,Comedy,Crime","Manoj Bajpayee,Richa Chadha,Nawazuddin Siddiqui",,India,"A clash between Sultan and Shahid Khan leads to the expulsion of Khan from Wasseypur, and ignites a deadly blood feud spanning three generations."
46,Stand by Me : Compte sur moi,1986,Tous publics,89.0,8.1,"Adventure,Drama","Wil Wheaton,River Phoenix,Corey Feldman",,United States,"After the death of one of his friends, a writer recounts a childhood journey with his friends to find the body of a missing boy."
47,Logan,2017,12 avec avertissement,137.0,8.1,"Action,Drama,Sci-Fi","Hugh Jackman,Patrick Stewart,Dafne Keen",,United States,"In a future where mutants are nearly extinct, an elderly and weary Logan leads a quiet life. But when Laura, a mutant child pursued by scientists, comes to him for help, he must get her to safety."
48,Million Dollar Baby,2004,Tous publics,132.0,8.1,"Drama,Sport","Hilary Swank,Clint Eastwood,Morgan Freeman",,United States,A determined woman works with a hardened boxing trainer to become a professional.
49,Mad Max: Fury Road,2015,Tous publics avec avertissement,,8.1,"Action,Adventure,Sci-Fi","Tom Hardy,Charlize Theron,Nicholas Hoult","English,Russian",,"In a post-apocalyptic wasteland, a woman rebels against a tyrannical ruler in search for her homeland with the aid of a group of female prisoners, a psychotic worshiper, and a drifter named Max."
50,Ben-Hur,1959,Tous publics,212.0,8.1,"Adventure,Drama,History","Charlton Heston,Jack Hawkins,Stephen Boyd",,United States,"After a Jewish prince is betrayed and sent into slavery by a Roman friend in 1st-century Jerusalem, he regains his freedom and comes back for revenge."
51,Le Cercle des poètes disparus,1989,Tous publics,128.0,8.1,"Comedy,Drama","Robin Williams,Robert Sean Leonard,Ethan Hawke",,,Maverick teacher John Keating uses poetry to embolden his boarding school students to new heights of self-expression.
52,Le salaire de la peur,1953,Tous Public,156.0,8.1,"Adventure,Drama,Thriller","Yves Montand,Charles Vanel,Peter van Eyck",,"France,Italy","In a decrepit South American village, four men are hired to transport an urgent nitroglycerine shipment without the equipment that would make it safe."
53,The Big Lebowski,1998,Tous publics,117.0,8.1,"Comedy,Crime,Sport","Jeff Bridges,John Goodman,Julianne Moore",,,"Ultimate L.A. slacker Jeff ""The Dude"" Lebowski, mistaken for a millionaire of the same name, seeks restitution for a rug ruined by debt collectors, enlisting his bowling buddies for help while trying to find the millionaire's missing wife."
54,Harry Potter et les Reliques de la Mort 2ème partie,2011,Tous publics,130.0,8.1,"Adventure,Fantasy,Mystery","Daniel Radcliffe,Emma Watson,Rupert Grint","English,Latin",,"Harry, Ron, and Hermione search for Voldemort's remaining Horcruxes in their effort to destroy the Dark Lord as the final battle rages on at Hogwarts."
55,Dragons,2010,Tous publics,98.0,8.1,"Animation,Action,Adventure","Jay Baruchel,Gerard Butler,Christopher Mintz-Plasse",,United States,"A hapless young Viking who aspires to hunt dragons becomes the unlikely friend of a young dragon himself, and learns there may be more to the creatures than he assumed."
56,Sonate d'automne,1978,Tous publics,99.0,8.2,"Drama,Music","Ingrid Bergman,Liv Ullmann,Lena Nyman",,"West Germany,Sweden,United Kingdom","A devoted wife is visited by her mother, a successful concert pianist who had little time for her when she was young."
57,Jeux dangereux,1942,Tous publics,99.0,8.2,"Comedy,Romance,War","Carole Lombard,Jack Benny,Robert Stack",,Black and White,"During the Nazi occupation of Poland, an acting troupe becomes embroiled in a Polish soldier's efforts to track down a German spy."
58,12 Years a Slave,2013,Tous publics avec avertissement,134.0,8.1,"Biography,Drama,History","Chiwetel Ejiofor,Michael Kenneth Williams,Michael Fassbender",English,,"In the antebellum United States, Solomon Northup, a free black man from upstate New York, is abducted and sold into slavery."
59,La passion de Jeanne d'Arc,1928,Not Rated,110.0,8.1,"Biography,Drama,History","Maria Falconetti,Eugene Silvain,André Berley",,,"In 1431, Jeanne d'Arc is placed on trial on charges of heresy. The ecclesiastical jurists attempt to force Jeanne to recant her claims of holy visions."
60,Le Mans '66,2019,Tous publics,152.0,8.1,"Action,Biography,Drama","Matt Damon,Christian Bale,Jon Bernthal",,United States,American car designer Carroll Shelby and driver Ken Miles battle corporate interference and the laws of physics to build a revolutionary race car for Ford in order to defeat Ferrari at the 24 Hours of Le Mans in 1966.
61,Tu ne tueras point,2016,12,139.0,8.1,"Biography,Drama,History","Andrew Garfield,Sam Worthington,Luke Bracey",,"Australia,United States","World War II American Army Medic Desmond T. Doss, who served during the Battle of Okinawa, refuses to kill people and becomes the first man in American history to receive the Medal of Honor without firing a shot."
62,Mademoiselle,2016,12,145.0,8.1,"Drama,Romance,Thriller","Kim Min-hee,Ha Jung-woo,Cho Jin-woong",,,"A woman is hired as a handmaiden to a Japanese heiress, but secretly she is involved in a plot to defraud her."
63,96,2018,Tous Public,158.0,8.6,"Drama,Romance","Vijay Sethupathi,Adithya Bhaskar,Trisha Krishnan",,,Two high school sweethearts meet at a reunion after 22 years and reminisce about their past.
64,Gone Girl,2014,Tous publics avec avertissement,149.0,8.1,"Drama,Mystery,Thriller","Ben Affleck,Rosamund Pike,Neil Patrick Harris",,,"With his wife's disappearance having become the focus of an intense media circus, a man sees the spotlight turned on him when it's suspected that he may not be innocent."
65,Barry Lyndon,1975,Tous publics,185.0,8.1,"Adventure,Drama,History","Ryan O'Neal,Marisa Berenson,Patrick Magee",,"United Kingdom,United States",An Irish rogue wins the heart of a rich widow and assumes her dead husband's aristocratic position in 18th-century England.
66,Andhadhun,2018,Not Rated,139.0,8.2,"Crime,Drama,Music","Ayushmann Khurrana,Tabu,Radhika Apte",,India,"A series of mysterious events change the life of a blind pianist, who must now report a crime that he should technically know nothing of."
67,Au nom du père,1993,Tous publics,133.0,8.1,"Biography,Crime,Drama","Daniel Day-Lewis,Pete Postlethwaite,Alison Crosbie",,Color,A man's coerced confession to an I.R.A. bombing he did not commit results in the imprisonment of his father as well. An English lawyer fights to free them.
68,Arrête-moi si tu peux,2002,Tous publics,141.0,8.1,"Biography,Crime,Drama","Leonardo DiCaprio,Tom Hanks,Christopher Walken",,,"Barely 21 yet, Frank is a skilled forger who has passed as a doctor, lawyer and pilot. FBI agent Carl becomes obsessed with tracking down the con man, who only revels in the pursuit."
69,Mr. Smith au sénat,1939,(Banned),129.0,8.1,"Comedy,Drama","James Stewart,Jean Arthur,Claude Rains",,United States,"A naive youth leader is appointed to fill a vacancy in the U.S. Senate. His idealistic plans promptly collide with corruption at home and subterfuge from his hero in Washington, but he tries to forge ahead despite attacks on his character."
70,Before Sunrise,1995,Tous publics,101.0,8.1,"Drama,Romance","Ethan Hawke,Julie Delpy,Andrea Eckert",,"United States,Austria,Switzerland","A young man and woman meet on a train in Europe, and wind up spending one evening together in Vienna. Unfortunately, both know that this will probably be their only night together."
71,Mary et Max.,2009,Tous Public,92.0,8.1,"Animation,Comedy,Drama","Toni Collette,Philip Seymour Hoffman,Eric Bana",,"Australia,United States","A tale of friendship between two unlikely pen pals: Mary, a lonely, eight-year-old girl living in the suburbs of Melbourne, and Max, a forty-four-year old, severely obese man living in New York."
72,Sherlock Junior,1924,Tous publics,,8.2,"Action,Comedy,Romance","Buster Keaton,Kathryn McGuire,Joe Keaton",,,"A film projectionist longs to be a detective, and puts his meagre skills to work when he is framed by a rival for stealing his girlfriend's father's pocketwatch."
73,Persona,1966,Tous publics,85.0,8.1,"Drama,Thriller","Bibi Andersson,Liv Ullmann,Margaretha Krook",,,A nurse is put in charge of a mute actress and finds that their personae are melding together.
74,Gran Torino,2008,Tous publics,116.0,8.1,Drama,"Clint Eastwood,Bee Vang,Christopher Carley",,"Germany,United States","Disgruntled Korean War veteran Walt Kowalski sets out to reform his neighbor, Thao Lor, a Hmong teenager who tried to steal Kowalski's prized possession: a 1972 Gran Torino."
75,Le mécano de la Générale,1926,Tous publics,67.0,8.1,"Action,Adventure,Comedy","Buster Keaton,Marion Mack,Glen Cavender",,United States,"After being rejected by the Confederate military, not realizing it was due to his crucial civilian role, an engineer must single-handedly recapture his beloved locomotive after it is seized by Union spies and return it through enemy lines."
76,The Grand Budapest hotel,2014,Tous publics,99.0,8.1,"Adventure,Comedy,Crime","Ralph Fiennes,F. Murray Abraham,Mathieu Amalric","English,French,German",,"A writer encounters the owner of an aging high-class hotel, who tells him of his early years serving as a lobby boy in the hotel's glorious years under an exceptional concierge."
77,Voyage au bout de l'enfer,1978,12,183.0,8.1,"Drama,War","Robert De Niro,Christopher Walken,John Cazale",,United States,An in-depth examination of the ways in which the Vietnam War impacts and disrupts the lives of several friends in a small steel mill town in Pennsylvania.
78,Z,1969,Tous publics,127.0,8.2,"Crime,Drama,History","Yves Montand,Irene Papas,Jean-Louis Trintignant",,Color,The public murder of a prominent politician and doctor amid a violent demonstration is covered up by military and government officials. A tenacious magistrate is determined not to let them get away with it.
79,Room,2015,Tous publics,118.0,8.1,"Drama,Thriller","Brie Larson,Jacob Tremblay,Sean Bridgers",,"Canada,Ireland,United Kingdom,United States","Held captive for 7 years in an enclosed space, a woman and her young son finally gain their freedom, allowing the boy to experience the outside world for the first time."
80,Les Nouveaux Sauvages,2014,Tous publics avec avertissement,122.0,8.1,"Comedy,Drama,Thriller","Darío Grandinetti,María Marull,Mónica Villa",,,Six short stories that explore the extremities of human behavior involving people in distress.
81,Prisoners,2013,12,153.0,8.1,"Crime,Drama,Mystery","Hugh Jackman,Jake Gyllenhaal,Viola Davis",,United States,"When Keller Dover's daughter and her friend go missing, he takes matters into his own hands as the police pursue multiple leads and the pressure mounts."
82,Stalker,1979,Tous publics,162.0,8.1,"Drama,Sci-Fi","Alisa Freyndlikh,Aleksandr Kaydanovskiy,Anatoliy Solonitsyn",,Soviet Union,A guide leads two men through an area known as the Zone to find a room that grants wishes.
83,Mon père et mon fils,2005,Tous Public,112.0,8.2,"Drama,Family","Eser Sariyar,Çetin Tekindor,Fikret Kuskan",,Color,The family of a left-wing journalist is torn apart after the military coup of Turkey in 1980.
84,Sur les quais...,1954,Tous publics,108.0,8.1,"Crime,Drama,Thriller","Marlon Brando,Karl Malden,Lee J. Cobb",,United States,"An ex-prize fighter turned New Jersey longshoreman struggles to stand up to his corrupt union bosses, including his older brother, as he starts to connect with the grieving sister of one of the syndicate's victims."
85,Fargo,1996,12,98.0,8.1,"Crime,Thriller","William H. Macy,Frances McDormand,Steve Buscemi",English,,Minnesota car salesman Jerry Lundegaard's inept crime falls apart due to his and his henchmen's bungling and the persistent police work of the quite pregnant Marge Gunderson.
86,Autant en emporte le vent,1939,Tous publics,238.0,8.1,"Drama,History,Romance","Clark Gable,Vivien Leigh,Thomas Mitchell",,United States,The manipulative daughter of a Georgia plantation owner conducts a turbulent romance with a roguish profiteer during the American Civil War and Reconstruction periods.
87,Le Monde de Nemo,2003,Tous publics,100.0,8.1,"Animation,Adventure,Comedy","Albert Brooks,Ellen DeGeneres,Alexander Gould",,United States,"After his son is captured in the Great Barrier Reef and taken to Sydney, a timid clownfish sets out on a journey to bring him home."
88,Le pont de la rivière Kwaï,1957,Tous publics,161.0,8.1,"Adventure,Drama,War","William Holden,Alec Guinness,Jack Hawkins",,"United Kingdom,United States","British POWs are forced to build a railway bridge across the river Kwai for their Japanese captors in occupied Burma, not knowing that the allied forces are planning a daring commando raid through the jungle to destroy it."
89,Warrior,2011,Tous publics,140.0,8.1,"Action,Drama,Sport","Tom Hardy,Nick Nolte,Joel Edgerton",,United States,"The youngest son of an alcoholic former boxer returns home, where he's trained by his father for competition in a mixed martial arts tournament - a path that puts the fighter on a collision course with his estranged, older brother."
90,Blade Runner,1982,Tous publics avec avertissement,117.0,8.1,"Drama,Mystery,Sci-Fi","Harrison Ford,Rutger Hauer,Sean Young",,,"A blade runner must pursue and terminate four replicants who stole a ship in space, and have returned to Earth to find their creator."
91,Trainspotting,1996,16,93.0,8.1,Drama,"Ewan McGregor,Ewen Bremner,Jonny Lee Miller",,United Kingdom,"Renton, deeply immersed in the Edinburgh drug scene, tries to clean up and get out, despite the allure of the drugs and influence of friends."
92,Kill Bill: Volume I,2003,16,111.0,8.1,"Action,Crime,Drama","Uma Thurman,David Carradine,Daryl Hannah",,"United States,Hong Kong","After awakening from a four-year coma, a former assassin wreaks vengeance on the team of assassins who betrayed her."
93,Vice-versa,2015,Tous publics,95.0,8.1,"Animation,Adventure,Comedy","Amy Poehler,Bill Hader,Lewis Black",,United States,"After young Riley is uprooted from her Midwest life and moved to San Francisco, her emotions - Joy, Fear, Anger, Disgust and Sadness - conflict on how best to navigate a new city, house, and school."
94,The Truman Show,1998,Tous publics,103.0,8.1,"Comedy,Drama","Jim Carrey,Ed Harris,Laura Linney",English,,An insurance salesman discovers his whole life is actually a reality TV show.
95,Voyage à Tokyo,1953,Tous publics,136.0,8.2,Drama,"Chishû Ryû,Chieko Higashiyama,Sô Yamamura",,,"An old couple visit their children and grandchildren in the city, but receive little attention."
96,Memories of Murder,2003,Tous publics,131.0,8.1,"Crime,Drama,Mystery","Kang-ho Song,Kim Sang-kyung,Roe-ha Kim",,South Korea,"In a small Korean province in 1986, two detectives struggle with the case of multiple young women being found raped and murdered by an unknown culprit."
97,V pour vendetta,2005,Tous publics avec avertissement,132.0,8.1,"Action,Drama,Sci-Fi","Hugo Weaving,Natalie Portman,Rupert Graves",,"United States,United Kingdom,Germany","In a future British tyranny, a shadowy freedom fighter, known only by the alias of ""V,"" plots to overthrow it with the help of a young woman."
98,Jurassic Park,1993,Tous publics,127.0,8.1,"Action,Adventure,Sci-Fi","Sam Neill,Laura Dern,Jeff Goldblum",,United States,A pragmatic paleontologist touring an almost complete theme park on an island in Central America is tasked with protecting a couple of kids after a power failure causes the park's cloned dinosaurs to run loose.
99,Sixième sens,1999,12,107.0,8.1,"Drama,Mystery,Thriller","Bruce Willis,Haley Joel Osment,Toni Collette","English,Latin,Spanish",,"A frightened, withdrawn Philadelphia boy who communicates with spirits seeks the help of a disheartened child psychologist."
100,Le troisième homme,1949,Tous publics,104.0,8.1,"Film-Noir,Mystery,Thriller","Orson Welles,Joseph Cotten,Alida Valli",,United Kingdom,"Pulp novelist Holly Martins travels to shadowy, postwar Vienna, only to find himself investigating the mysterious death of an old friend, Harry Lime."
101,Les fraises sauvages,1957,Tous publics,91.0,8.2,"Drama,Romance","Victor Sjöström,Bibi Andersson,Ingrid Thulin",,,"After living a life marked by coldness, an aging professor is forced to confront the emptiness of his existence."
102,3 Billboards: Les panneaux de la vengeance,2017,Tous publics,115.0,8.1,"Comedy,Crime,Drama","Frances McDormand,Woody Harrelson,Sam Rockwell",English,,A mother personally challenges the local authorities to solve her daughter's murder when they fail to catch the culprit.
103,Elephant Man,1980,Tous publics,124.0,8.1,"Biography,Drama","Anthony Hopkins,John Hurt,Anne Bancroft",,"United States,United Kingdom","A Victorian surgeon rescues a heavily disfigured man who is mistreated while scraping a living as a side-show freak. Behind his monstrous façade, there is revealed a person of kindness, intelligence and sophistication."
104,The Thing,1982,13,109.0,8.1,"Horror,Mystery,Sci-Fi","Kurt Russell,Wilford Brimley,Keith David",,"United States,Canada",A research team in Antarctica is hunted by a shape-shifting alien that assumes the appearance of its victims.
105,La légende de Klaus,2019,7,96.0,8.2,"Animation,Adventure,Comedy","Jason Schwartzman,J.K. Simmons,Rashida Jones",,,"A simple act of kindness always sparks another, even in a frozen, faraway place. When Smeerensburg's new postman, Jesper, befriends toymaker Klaus, their gifts melt an age-old feud and deliver a sleigh full of holiday traditions."
106,Dune,2021,Tous publics,155.0,8.2,"Action,Adventure,Drama","Timothée Chalamet,Rebecca Ferguson,Zendaya",,,"Feature adaptation of Frank Herbert's science fiction novel, about the son of a noble family entrusted with the protection of the most valuable asset and most vital element in the galaxy."
107,Le septième sceau,1957,Tous publics,96.0,8.2,"Drama,Fantasy,History","Max von Sydow,Gunnar Björnstrand,Bengt Ekerot",,,"A knight returning to Sweden after the Crusades seeks answers about life, death, and the existence of God as he plays chess against the Grim Reaper during the Black Plague."
108,La ruée vers l'or,1925,Tous publics,95.0,8.2,"Adventure,Comedy,Drama","Charles Chaplin,Mack Swain,Tom Murray",,United States,"A prospector goes to the Klondike during the 1890s gold rush in hopes of making his fortune, and is smitten with a girl he sees in a dance hall."
109,Le crime était presque parfait,1954,Tous publics,105.0,8.2,"Crime,Thriller","Ray Milland,Grace Kelly,Robert Cummings",,United States,A former tennis player tries to arrange his wife's murder after learning of her affair.
110,"Arnaques, crimes et botanique",1998,Tous publics,107.0,8.2,"Action,Comedy,Crime","Jason Flemyng,Dexter Fletcher,Nick Moran",,United Kingdom,"Eddy persuades his three pals to pool money for a vital poker game against a powerful local mobster, Hatchet Harry. Eddy loses, after which Harry gives him a week to pay back 500,000 pounds."
111,Shutter Island,2010,12,138.0,8.2,"Mystery,Thriller","Leonardo DiCaprio,Emily Mortimer,Mark Ruffalo",,United States,"In 1954, a U.S. Marshal investigates the disappearance of a murderer who escaped from a hospital for the criminally insane."
112,No Country for Old Men,2007,12,122.0,8.1,"Crime,Drama,Thriller","Tommy Lee Jones,Javier Bardem,Josh Brolin",,United States,Violence and mayhem ensue after a hunter stumbles upon a drug deal gone wrong and more than two million dollars in cash near the Rio Grande.
113,Mon voisin Totoro,1988,Tous publics,86.0,8.2,"Animation,Comedy,Family","Hitoshi Takagi,Noriko Hidaka,Chika Sakamoto",,,"When two girls move to the country to be near their ailing mother, they have adventures with the wondrous forest spirits who live nearby."
114,Chinatown,1974,12,130.0,8.2,"Drama,Mystery,Thriller","Jack Nicholson,Faye Dunaway,John Huston",,United States,"A private detective hired to expose an adulterer in 1930s Los Angeles finds himself caught up in a web of deceit, corruption, and murder."
115,Dersou Ouzala,1975,Tous Public,142.0,8.3,"Adventure,Biography,Drama","Maksim Munzuk,Yuriy Solomin,Mikhail Bychkov",,"Soviet Union,Japan",The Russian army sends an explorer on an expedition to the snowy Siberian wilderness where he makes friends with a seasoned local hunter.
116,Dans ses yeux,2009,Tous publics,129.0,8.2,"Drama,Mystery,Romance","Ricardo Darín,Soledad Villamil,Pablo Rago",,,A retired legal counselor writes a novel hoping to find closure for one of his past unresolved homicide cases and for his unreciprocated love with his superior - both of which still haunt him decades later.
117,Raging Bull,1980,Tous publics,129.0,8.2,"Biography,Drama,Sport","Robert De Niro,Cathy Moriarty,Joe Pesci",,United States,"The life of boxer Jake LaMotta, whose violence and temper that led him to the top in the ring destroyed his life outside of it."
118,There Will Be Blood,2007,Tous publics avec avertissement,158.0,8.2,Drama,"Daniel Day-Lewis,Paul Dano,Ciarán Hinds","English,American Sign Language",,"A story of family, religion, hatred, oil and madness, focusing on a turn-of-the-century prospector in the early days of the business."
119,Le Trésor de la Sierra Madre,1948,Tous publics,126.0,8.2,"Adventure,Drama,Western","Humphrey Bogart,Walter Huston,Tim Holt",,"United States,Mexico",Two down-on-their-luck Americans searching for work in 1920s Mexico convince an old prospector to help them mine for gold in the Sierra Madre Mountains.
120,La Grande Évasion,1963,Tous publics,172.0,8.2,"Adventure,Drama,History","Steve McQueen,James Garner,Richard Attenborough",,,Allied prisoners of war plan for several hundred of their number to escape from a German camp during World War II.
121,Un homme d'exception,2001,Tous publics,135.0,8.2,"Biography,Drama","Russell Crowe,Ed Harris,Jennifer Connelly",,United States,"After John Nash, a brilliant but asocial mathematician, accepts secret work in cryptography, his life takes a turn for the nightmarish."
122,Le labyrinthe de Pan,2006,12,118.0,8.2,"Drama,Fantasy,War","Ivana Baquero,Ariadna Gil,Sergi López",,"Mexico,Spain","In the Falangist Spain of 1944, the bookish young stepdaughter of a sadistic army officer escapes into an eerie but captivating fantasy world."
123,Le château ambulant,2004,Tous publics,119.0,8.2,"Animation,Adventure,Family","Chieko Baishô,Takuya Kimura,Tatsuya Gashûin",,Japan,"When an unconfident young woman is cursed with an old body by a spiteful witch, her only chance of breaking the spell lies with a self-indulgent yet insecure young wizard and his companions in his legged, walking castle."
124,Les enfants du ciel,1997,Tous publics,89.0,8.3,"Drama,Family,Sport","Mohammad Amir Naji,Amir Farrokh Hashemian,Bahare Seddiqi",,,"After a boy loses his sister's pair of shoes, he goes on a series of adventures in order to find them. When he can't, he tries a new way to ""win"" a new pair."
125,Batman Begins,2005,Tous publics,140.0,8.2,"Action,Adventure","Christian Bale,Michael Caine,Ken Watanabe","English,Mandarin",,"After training with his mentor, Batman begins his fight to free crime-ridden Gotham City from corruption."
126,Certains l'aiment chaud,1959,12,121.0,8.2,"Comedy,Music,Romance","Marilyn Monroe,Tony Curtis,Jack Lemmon",,United States,"After two male musicians witness a mob hit, they flee the state in an all-female band disguised as women, but further complications set in."
127,Le loup de Wall Street,2013,12,,8.2,"Biography,Comedy,Crime","Leonardo DiCaprio,Jonah Hill,Margot Robbie","English,French",,"Based on the true story of Jordan Belfort, from his rise to a wealthy stock-broker living the high life to his fall involving crime, corruption and the federal government."
128,Impitoyable,1992,Tous publics,130.0,8.2,"Drama,Western","Clint Eastwood,Gene Hackman,Morgan Freeman",,United States,"Retired Old West gunslinger William Munny reluctantly takes on one last job, with the help of his old partner Ned Logan and a young man, The ""Schofield Kid."""
129,Green Book: Sur les routes du Sud,2018,Tous publics,130.0,8.2,"Biography,Comedy,Drama","Viggo Mortensen,Mahershala Ali,Linda Cardellini",,,A working-class Italian-American bouncer becomes the driver of an African-American classical pianist on a tour of venues through the 1960s American South.
130,La chute,2004,Tous publics avec avertissement,156.0,8.2,"Biography,Drama,History","Bruno Ganz,Alexandra Maria Lara,Ulrich Matthes",,,"Traudl Junge, the final secretary for Adolf Hitler, tells of the Nazi dictator's final days in his Berlin bunker at the end of WWII."
131,Jugement à Nuremberg,1961,Tous publics,179.0,8.2,"Drama,War","Spencer Tracy,Burt Lancaster,Richard Widmark",,United States,"In 1948, an American court in occupied Germany tries four Nazis judged for war crimes."
132,Ève...,1950,Tous publics,138.0,8.2,Drama,"Bette Davis,Anne Baxter,George Sanders",,United States,A seemingly timid but secretly ruthless ingénue insinuates herself into the lives of an aging Broadway star and her circle of theater friends.
133,Casino,1995,12,178.0,8.2,"Crime,Drama","Robert De Niro,Sharon Stone,Joe Pesci",,"United States,France","A tale of greed, deception, money, power, and murder occur between two best friends: a mafia enforcer and a casino executive compete against each other over a gambling empire, and over a fast-living and fast-loving socialite."
134,Rashomon,1950,Tous Public,88.0,8.2,"Crime,Drama,Mystery","Toshirô Mifune,Machiko Kyô,Masayuki Mori",,Japan,"The rape of a bride and the murder of her samurai husband are recalled from the perspectives of a bandit, the bride, the samurai's ghost and a woodcutter."
135,Piège de cristal,1988,Tous publics,132.0,8.2,"Action,Thriller","Bruce Willis,Alan Rickman,Bonnie Bedelia",,United States,An NYPD officer tries to save his wife and several others taken hostage by German terrorists during a Christmas party at the Nakatomi Plaza in Los Angeles.
136,Monty Python : Sacré Graal !,1975,Tous publics,91.0,8.2,"Adventure,Comedy,Fantasy","Graham Chapman,John Cleese,Eric Idle",,United Kingdom,"King Arthur and his Knights of the Round Table embark on a surreal, low-budget search for the Holy Grail, encountering many, very silly obstacles."
137,Orange mécanique,1971,18,136.0,8.3,"Crime,Drama,Sci-Fi","Malcolm McDowell,Patrick Magee,Michael Bates",,,"In the future, a sadistic gang leader is imprisoned and volunteers for a conduct-aversion experiment, but it doesn't go as planned."
138,Ran,1985,Tous publics,162.0,8.2,"Action,Drama,War","Tatsuya Nakadai,Akira Terao,Jinpachi Nezu",,"Japan,France","In Medieval Japan, an elderly warlord retires, handing over his empire to his three sons. However, he vastly underestimates how the new-found power will corrupt them and cause them to turn on each other...and him."
139,Taxi Driver,1976,16,114.0,8.2,"Crime,Drama","Robert De Niro,Jodie Foster,Cybill Shepherd",,United States,"A mentally unstable veteran works as a nighttime taxi driver in New York City, where the perceived decadence and sleaze fuels his urge for violent action by attempting to liberate a presidential campaign worker and an underage prostitute."
140,Assurance sur la mort,1944,Tous publics,107.0,8.3,"Crime,Drama,Film-Noir","Fred MacMurray,Barbara Stanwyck,Edward G. Robinson",,United States,"A Los Angeles insurance representative lets an alluring housewife seduce him into a scheme of insurance fraud and murder that arouses the suspicion of his colleague, an insurance investigator."
141,Incendies,2010,Tous publics avec avertissement,131.0,8.3,"Drama,Mystery,War","Lubna Azabal,Mélissa Désormeaux-Poulin,Maxim Gaudette",,"Canada,France",Twins journey to the Middle East to discover their family history and fulfill their mother's last wishes.
142,Metropolis,1927,Tous publics,153.0,8.3,"Drama,Sci-Fi","Brigitte Helm,Alfred Abel,Gustav Fröhlich",,Germany,"In a futuristic city sharply divided between the working class and the city planners, the son of the city's mastermind falls in love with a working-class prophet who predicts the coming of a savior to mediate their differences."
143,The Father,2020,Tous publics,97.0,8.3,Drama,"Anthony Hopkins,Olivia Colman,Mark Gatiss",,"United Kingdom,France","A man refuses all assistance from his daughter as he ages. As he tries to make sense of his changing circumstances, he begins to doubt his loved ones, his own mind and even the fabric of his reality."
144,La garçonnière,1960,Tous publics,125.0,8.3,"Comedy,Drama,Romance","Jack Lemmon,Shirley MacLaine,Fred MacMurray",,United States,"A Manhattan insurance clerk tries to rise in his company by letting its executives use his apartment for trysts, but complications and a romance of his own ensue."
145,Dangal,2016,Tous publics,161.0,8.4,"Action,Biography,Drama","Aamir Khan,Sakshi Tanwar,Fatima Sana Shaikh",,,Former wrestler Mahavir Singh Phogat and his two wrestler daughters struggle towards glory at the Commonwealth Games in the face of societal oppression.
146,Jai Bhim,2021,,,9.5,"Crime,Drama","Suriya,Lijo Mol Jose,Manikandan",,India,"When a tribal man is arrested for a case of alleged theft, his wife turns to a human-rights lawyer to help bring justice."
147,Full Metal Jacket,1987,13,116.0,8.3,"Drama,War","Matthew Modine,R. Lee Ermey,Vincent D'Onofrio",,"United Kingdom,United States",A pragmatic U.S. Marine observes the dehumanizing effects the Vietnam War has on his fellow recruits from their brutal boot camp training to the bloody street fighting in Hue.
148,Le Kid,1921,Tous publics,68.0,8.3,"Comedy,Drama,Family","Charles Chaplin,Edna Purviance,Jackie Coogan",,,"The Tramp cares for an abandoned child, but events put that relationship in jeopardy."
149,Lawrence d'Arabie,1962,Tous publics,228.0,8.3,"Adventure,Biography,Drama","Peter O'Toole,Alec Guinness,Anthony Quinn",,United Kingdom,"The story of T.E. Lawrence, the English officer who successfully united and led the diverse, often warring, Arab tribes during World War I in order to fight the Turks."
150,Voleur de bicyclette,1948,Tous publics,89.0,8.3,Drama,"Lamberto Maggiorani,Enzo Staiola,Lianella Carell",,Italy,"In post-war Italy, a working-class man's bicycle is stolen, endangering his efforts to find work. He and his son set out to find it."
151,La mort aux trousses,1959,Tous publics,136.0,8.3,"Adventure,Mystery,Thriller","Cary Grant,Eva Marie Saint,James Mason",,United States,"A New York City advertising executive goes on the run after being mistaken for a government agent by a group of foreign spies, and falls for a woman whose loyalties he begins to doubt."
152,Chantons sous la pluie,1952,Tous publics,103.0,8.3,"Comedy,Musical,Romance","Gene Kelly,Donald O'Connor,Debbie Reynolds",,United States,A silent film star falls for a chorus girl just as he and his delusionally jealous screen partner are trying to make the difficult transition to talking pictures in 1920s Hollywood.
153,Requiem for a Dream,2000,16 avec avertissement,102.0,8.3,Drama,"Ellen Burstyn,Jared Leto,Jennifer Connelly",,United States,The drug-induced utopias of four Coney Island people are shattered when their addictions run deep.
154,La chasse,2012,Tous publics,115.0,8.3,Drama,"Mads Mikkelsen,Thomas Bo Larsen,Annika Wedderkopp",,,"A teacher lives a lonely life, all the while struggling over his son's custody. His life slowly gets better as he finds love and receives good news from his son, but his new luck is about to be brutally shattered by an innocent little lie."
155,Citizen Kane,1941,Tous publics,119.0,8.3,"Drama,Mystery","Orson Welles,Joseph Cotten,Dorothy Comingore",,United States,"Following the death of publishing tycoon Charles Foster Kane, reporters scramble to uncover the meaning of his final utterance; 'Rosebud'."
156,Requiem pour un massacre - Va et regarde,1985,Tous publics,142.0,8.3,"Drama,Thriller,War","Aleksey Kravchenko,Olga Mironova,Liubomiras Laucevicius",,,"After finding an old rifle, a young boy joins the Soviet resistance movement against ruthless German forces and experiences the horrors of World War II."
157,Vivre,1952,Tous Public,143.0,8.3,Drama,"Takashi Shimura,Nobuo Kaneko,Shin'ichi Himori",,Japan,A bureaucrat tries to find meaning in his life after he discovers he has terminal cancer.
158,Taare Zameen Par,2007,PG,165.0,8.4,"Drama,Family","Darsheel Safary,Aamir Khan,Tisca Chopra",,India,"An eight-year-old boy is thought to be a lazy trouble-maker, until the new art teacher has the patience and compassion to discover the real problem behind his struggles in school."
159,M le maudit,1931,Tous publics,118.0,8.3,"Crime,Mystery,Thriller","Peter Lorre,Ellen Widmann,Inge Landgut",,Germany,"When the police in a German city are unable to catch a child-murderer, other criminals join in the manhunt."
160,Eternal Sunshine of the Spotless Mind,2004,Tous publics,108.0,8.3,"Drama,Romance,Sci-Fi","Jim Carrey,Kate Winslet,Tom Wilkinson",,United States,"When their relationship turns sour, a couple undergoes a medical procedure to have each other erased from their memories."
161,Reservoir Dogs,1992,16,99.0,8.3,"Crime,Drama,Thriller","Harvey Keitel,Tim Roth,Michael Madsen",,United States,"When a simple jewelry heist goes horribly wrong, the surviving criminals begin to suspect that one of them is a police informant."
162,2001 : L'Odyssée de l'espace,1968,Tous publics,149.0,8.3,"Adventure,Sci-Fi","Keir Dullea,Gary Lockwood,William Sylvester","English,Russian,French",,"The Monoliths push humanity to reach for the stars; after their discovery in Africa generations ago, the mysterious objects lead mankind on an awesome journey to Jupiter, with the help of H.A.L. 9000: the world's greatest supercomputer."
163,Will Hunting,1997,Tous publics,126.0,8.3,"Drama,Romance","Robin Williams,Matt Damon,Ben Affleck",,,"Will Hunting, a janitor at M.I.T., has a gift for mathematics, but needs help from a psychologist to find direction in his life."
164,Sueurs froides,1958,Tous publics,128.0,8.3,"Mystery,Romance,Thriller","James Stewart,Kim Novak,Barbara Bel Geddes",,United States,"A former San Francisco police detective juggles wrestling with his personal demons and becoming obsessed with the hauntingly beautiful woman he has been hired to trail, who may be deeply disturbed."
165,Inglourious Basterds,2009,12,153.0,8.3,"Adventure,Drama,War","Brad Pitt,Diane Kruger,Eli Roth","English,German,French,Italian",,"In Nazi-occupied France during World War II, a plan to assassinate Nazi leaders by a group of Jewish U.S. soldiers coincides with a theatre owner's vengeful plans for the same."
166,Le Retour du Jedi,1983,Tous publics,131.0,8.3,"Action,Adventure,Fantasy","Mark Hamill,Harrison Ford,Carrie Fisher",English,,"After a daring mission to rescue Han Solo from Jabba the Hutt, the Rebels dispatch to Endor to destroy the second Death Star. Meanwhile, Luke struggles to help Darth Vader back from the dark side without falling into the Emperor's trap."
167,Braveheart,1995,Tous publics,178.0,8.3,"Biography,Drama,History","Mel Gibson,Sophie Marceau,Patrick McGoohan","English,French,Latin,Gaelic,Italian",,Scottish warrior William Wallace leads his countrymen in a rebellion to free his homeland from the tyranny of King Edward I of England.
168,Hamilton,2020,12,160.0,8.4,"Biography,Drama,History","Lin-Manuel Miranda,Phillipa Soo,Leslie Odom Jr.",,United States,"The real life of one of America's foremost founding fathers and first Secretary of the Treasury, Alexander Hamilton. Captured live on Broadway from the Richard Rodgers Theater with the original Broadway cast."
169,Amadeus,1984,Tous publics,160.0,8.3,"Biography,Drama,Music","F. Murray Abraham,Tom Hulce,Elizabeth Berridge",,"United States,France,Czechoslovakia,Italy","The life, success and troubles of Wolfgang Amadeus Mozart, as told by Antonio Salieri, the contemporaneous composer who was insanely jealous of Mozart's talent and claimed to have murdered him."
170,Toy Story,1995,Tous publics,81.0,8.3,"Animation,Adventure,Comedy","Tom Hanks,Tim Allen,Don Rickles",,United States,A cowboy doll is profoundly threatened and jealous when a new spaceman figure supplants him as top toy in a boy's room.
171,Entre le ciel et l'enfer,1963,Tous publics,143.0,8.4,"Crime,Drama,Mystery","Toshirô Mifune,Yutaka Sada,Tatsuya Nakadai",,,An executive of a Yokohama shoe company becomes a victim of extortion when his chauffeur's son is kidnapped by mistake and held for ransom.
172,Avengers: Endgame,2019,Tous publics,181.0,8.4,"Action,Adventure,Drama","Robert Downey Jr.,Chris Evans,Mark Ruffalo",,,"After the devastating events of Avengers: Infinity War (2018), the universe is in ruins. With the help of remaining allies, the Avengers assemble once more in order to reverse Thanos' actions and restore balance to the universe."
173,American Beauty,1999,Tous publics,122.0,8.3,Drama,"Kevin Spacey,Annette Bening,Thora Birch",,United States,A sexually frustrated suburban father has a mid-life crisis after becoming infatuated with his daughter's best friend.
174,3 Idiots,2009,Tous publics,170.0,8.4,"Comedy,Drama","Aamir Khan,Madhavan,Mona Singh",,India,"Two friends are searching for their long lost companion. They revisit their college days and recall the memories of their friend who inspired them to think differently, even as the rest of the world called them ""idiots""."
175,Le Bateau,1981,Tous publics,149.0,8.3,"Adventure,Drama,Thriller","Jürgen Prochnow,Herbert Grönemeyer,Klaus Wennemann",,West Germany,"The claustrophobic world of a WWII German U-boat; boredom, filth and sheer terror."
176,Capharnaüm,2018,Tous publics,126.0,8.4,Drama,"Zain Al Rafeea,Yordanos Shiferaw,Boluwatife Treasure Bankole",,,"While serving a five-year sentence for a violent crime, a 12-year-old boy sues his parents for neglect."
177,The Dark Knight Rises,2012,Tous publics,164.0,8.4,"Action,Crime","Christian Bale,Tom Hardy,Anne Hathaway","English,Arabic",,"Eight years after the Joker's reign of anarchy, Batman, with the help of the enigmatic Catwoman, is forced from his exile to save Gotham City from the brutal guerrilla terrorist Bane."
178,Il était une fois en Amérique,1984,Tous publics,229.0,8.3,"Crime,Drama","Robert De Niro,James Woods,Elizabeth McGovern",,"Italy,United States","A former Prohibition-era Jewish gangster returns to the Lower East Side of Manhattan 35 years later, where he must once again confront the ghosts and regrets of his old life."
179,Aliens : Le Retour,1986,13,137.0,8.3,"Action,Adventure,Sci-Fi","Sigourney Weaver,Michael Biehn,Carrie Henn",,"United Kingdom,United States","Fifty-seven years after surviving an apocalyptic attack aboard her space vessel by merciless space creatures, Officer Ripley awakens from hyper-sleep and tries to warn anyone who will listen about the predators."
180,Your Name.,2016,Tous publics,106.0,8.4,"Animation,Drama,Fantasy","Ryûnosuke Kamiki,Mone Kamishiraishi,Ryô Narita",,,"Two strangers find themselves linked in a bizarre way. When a connection forms, will distance be the only thing to keep them apart?"
181,Coco,2017,Tous publics,105.0,8.4,"Animation,Adventure,Comedy","Anthony Gonzalez,Gael García Bernal,Benjamin Bratt","English,Spanish",,"Aspiring musician Miguel, confronted with his family's ancestral ban on music, enters the Land of the Dead to find his great-great-grandfather, a legendary singer."
182,Old Boy,2003,16,,8.4,"Action,Drama,Mystery","Choi Min-sik,Yoo Ji-Tae,Kang Hye-jeong",,South Korea,"After being kidnapped and imprisoned for fifteen years, Oh Dae-Su is released, only to find that he must find his captor in five days."
183,Spider-Man: New Generation,2018,Tous publics,117.0,8.4,"Animation,Action,Adventure","Shameik Moore,Jake Johnson,Hailee Steinfeld","English,Spanish",,"Teen Miles Morales becomes the Spider-Man of his universe, and must join with five spider-powered individuals from other dimensions to stop a threat for all realities."
184,Princesse Mononoké,1997,Tous publics,134.0,8.4,"Animation,Action,Adventure","Yôji Matsuda,Yuriko Ishida,Yûko Tanaka",,Japan,"On a journey to find the cure for a Tatarigami's curse, Ashitaka finds himself in the middle of a war between the forest gods and Tatara, a mining colony. In this quest he also meets San, the Mononoke Hime."
185,Joker,2019,12 avec avertissement,122.0,8.4,"Crime,Drama,Thriller","Joaquin Phoenix,Robert De Niro,Zazie Beetz",English,,"In Gotham City, mentally troubled comedian Arthur Fleck is disregarded and mistreated by society. He then embarks on a downward spiral of revolution and bloody crime. This path brings him face-to-face with his alter-ego: the Joker."
186,Avengers: Infinity War,2018,Tous publics,149.0,8.4,"Action,Adventure,Sci-Fi","Robert Downey Jr.,Chris Hemsworth,Mark Ruffalo",,,The Avengers and their allies must be willing to sacrifice all in an attempt to defeat the powerful Thanos before his blitz of devastation and ruin puts an end to the universe.
187,Shining,1980,12,146.0,8.4,"Drama,Horror","Jack Nicholson,Shelley Duvall,Danny Lloyd",,"United Kingdom,United States","A family heads to an isolated hotel for the winter where a sinister presence influences the father into violence, while his psychic son sees horrific forebodings from both past and future."
188,Les sentiers de la gloire,1957,(Banned),88.0,8.4,"Drama,War","Kirk Douglas,Ralph Meeker,Adolphe Menjou",,United States,"After refusing to attack an enemy position, a general accuses the soldiers of cowardice and their commanding officer must defend them."
189,WALL·E,2008,Tous publics,98.0,8.4,"Animation,Adventure,Family","Ben Burtt,Elissa Knight,Jeff Garlin",,United States,"In the distant future, a small waste-collecting robot inadvertently embarks on a space journey that will ultimately decide the fate of mankind."
190,Boulevard du Crépuscule,1950,Tous publics,110.0,8.4,"Drama,Film-Noir","William Holden,Gloria Swanson,Erich von Stroheim",,United States,A screenwriter develops a dangerous relationship with a faded film star determined to make a triumphant return.
191,Témoin à charge,1957,Tous publics,116.0,8.4,"Crime,Drama,Mystery","Tyrone Power,Marlene Dietrich,Charles Laughton",,United States,A veteran British barrister must defend his client in a murder trial that has surprise after surprise.
192,Django Unchained,2012,12,165.0,8.4,"Drama,Western","Jamie Foxx,Christoph Waltz,Leonardo DiCaprio","English,German,French,Italian",,"With the help of a German bounty-hunter, a freed slave sets out to rescue his wife from a brutal plantation-owner in Mississippi."
193,Dr. Folamour ou : Comment j'ai appris à ne plus m'en faire et à aimer la bombe !,1964,Tous publics,95.0,8.4,"Comedy,War","Peter Sellers,George C. Scott,Sterling Hayden","English,Russian",,"An insane American general orders a bombing attack on the Soviet Union, triggering a path to nuclear holocaust that a war room full of politicians and generals frantically tries to stop."
194,La Vie des autres,2006,Tous publics,137.0,8.4,"Drama,Mystery,Thriller","Ulrich Mühe,Martina Gedeck,Sebastian Koch",,,"In 1984 East Berlin, an agent of the secret police, conducting surveillance on a writer and his lover, finds himself becoming increasingly absorbed by their lives."
195,Le Dictateur,1940,Tous publics,125.0,8.4,"Comedy,Drama,War","Charles Chaplin,Paulette Goddard,Jack Oakie",,United States,Dictator Adenoid Hynkel tries to expand his empire while a poor Jewish barber tries to avoid persecution from Hynkel's regime.
196,Memento,2000,Tous publics,113.0,8.4,"Mystery,Thriller","Guy Pearce,Carrie-Anne Moss,Joe Pantoliano",,United States,A man with short-term memory loss attempts to track down his wife's murderer.
197,Les Aventuriers de l'arche perdue,1981,Tous publics,115.0,8.4,"Action,Adventure","Harrison Ford,Karen Allen,Paul Freeman","English,German,Hebrew,Spanish,Arabic,Nepali",,"In 1936, archaeologist and adventurer Indiana Jones is hired by the U.S. government to find the Ark of the Covenant before Adolf Hitler's Nazis can obtain its awesome powers."
198,Fenêtre sur cour,1954,Tous publics,112.0,8.5,"Mystery,Thriller","James Stewart,Grace Kelly,Wendell Corey",,,"A wheelchair-bound photographer spies on his neighbors from his Greenwich Village courtyard apartment window, and becomes convinced one of them has committed murder, despite the skepticism of his fashion-model girlfriend."
199,Cinéma Paradiso,1988,Tous publics,155.0,8.5,"Drama,Romance","Philippe Noiret,Enzo Cannavale,Antonella Attili",,"Italy,France",A filmmaker recalls his childhood when falling in love with the pictures at the cinema of his home village and forms a deep friendship with the cinema's projectionist.
200,Apocalypse Now,1979,Tous publics avec avertissement,147.0,8.4,"Drama,Mystery,War","Martin Sheen,Marlon Brando,Robert Duvall",,United States,A U.S. Army officer serving in Vietnam is tasked with assassinating a renegade Special Forces Colonel who sees himself as a god.
201,Il était une fois dans l'Ouest,1968,Tous publics,165.0,8.5,Western,"Henry Fonda,Charles Bronson,Claudia Cardinale",,"Italy,United States",A mysterious stranger with a harmonica joins forces with a notorious desperado to protect a beautiful widow from a ruthless assassin working for the railroad.
202,Le Prestige,2006,Tous publics,130.0,8.5,"Drama,Mystery,Sci-Fi","Christian Bale,Hugh Jackman,Scarlett Johansson",English,,"After a tragic accident, two stage magicians in 1890s London engage in a battle to create the ultimate illusion while sacrificing everything they have to outwit each other."
203,Casablanca,1942,Tous publics,102.0,8.5,"Drama,Romance,War","Humphrey Bogart,Ingrid Bergman,Paul Henreid",,United States,A cynical expatriate American cafe owner struggles to decide whether or not to help his former lover and her fugitive husband escape the Nazis in French Morocco.
204,Gladiator,2000,Tous publics avec avertissement,155.0,8.5,"Action,Adventure,Drama","Russell Crowe,Joaquin Phoenix,Connie Nielsen",English,,A former Roman General sets out to exact vengeance against the corrupt emperor who murdered his family and sent him into slavery.
205,Alien - Le 8ème passager,1979,12,117.0,8.4,"Horror,Sci-Fi","Sigourney Weaver,Tom Skerritt,John Hurt",,"United Kingdom,United States","After a space merchant vessel receives an unknown transmission as a distress call, one of the crew is attacked by a mysterious life form and they soon realize that its life cycle has merely begun."
206,Intouchables,2011,Tous publics,112.0,8.5,"Biography,Comedy,Drama","François Cluzet,Omar Sy,Anne Le Ny",,France,"After he becomes a quadriplegic from a paragliding accident, an aristocrat hires a young man from the projects to be his caregiver."
207,Les infiltrés,2006,Tous publics avec avertissement,151.0,8.5,"Action,Crime,Drama","Leonardo DiCaprio,Matt Damon,Jack Nicholson","English,Cantonese",,An undercover cop and a mole in the police attempt to identify each other while infiltrating an Irish gang in South Boston.
208,Les lumières de la ville,1931,Tous publics,87.0,8.5,"Comedy,Drama,Romance","Charles Chaplin,Virginia Cherrill,Florence Lee",,,"With the aid of a wealthy erratic tippler, a dewy-eyed tramp who has fallen in love with a sightless flower girl accumulates money to be able to help her medically."
209,Le tombeau des lucioles,1988,Tous publics,89.0,8.5,"Animation,Drama,War","Tsutomu Tatsumi,Ayano Shiraishi,Akemi Yamaguchi",,Japan,A young boy and his little sister struggle to survive in Japan during World War II.
210,American History X,1998,12,119.0,8.5,Drama,"Edward Norton,Edward Furlong,Beverly D'Angelo",English,,A former neo-nazi skinhead tries to prevent his younger brother from going down the same wrong path that he did.
211,Les temps modernes,1936,Tous publics,87.0,8.5,"Comedy,Drama,Family","Charles Chaplin,Paulette Goddard,Henry Bergman",,,The Tramp struggles to live in modern industrial society with the help of a young homeless woman.
212,Psychose,1960,18,109.0,8.5,"Horror,Mystery,Thriller","Anthony Perkins,Janet Leigh,Vera Miles",English,,"A Phoenix secretary embezzles $40,000 from her employer's client, goes on the run, and checks into a remote motel run by a young man under the domination of his mother."
213,Retour vers le futur,1985,Tous publics,116.0,8.5,"Adventure,Comedy,Sci-Fi","Michael J. Fox,Christopher Lloyd,Lea Thompson",English,,"Marty McFly, a 17-year-old high school student, is accidentally sent thirty years into the past in a time-traveling DeLorean invented by his close friend, the eccentric scientist Doc Brown."
214,Le Roi Lion,1994,Tous publics,88.0,8.5,"Animation,Adventure,Drama","Matthew Broderick,Jeremy Irons,James Earl Jones",,United States,"Lion prince Simba and his father are targeted by his bitter uncle, who wants to ascend the throne himself."
215,Le pianiste,2002,Tous publics,150.0,8.5,"Biography,Drama,Music","Adrien Brody,Thomas Kretschmann,Frank Finlay",,"United Kingdom,France,Poland,Germany",A Polish Jewish musician struggles to survive the destruction of the Warsaw ghetto of World War II.
216,Terminator 2 : Le jugement dernier,1991,12,137.0,8.5,"Action,Sci-Fi","Arnold Schwarzenegger,Linda Hamilton,Edward Furlong","English,Spanish",,"A cyborg, identical to the one who failed to kill Sarah Connor, must now protect her ten-year-old son John from a more advanced and powerful cyborg."
217,Léon,1994,12,110.0,8.5,"Action,Crime,Drama","Jean Reno,Gary Oldman,Natalie Portman","English,Italian,French",,"Mathilda, a 12-year-old girl, is reluctantly taken in by Léon, a professional assassin, after her family is murdered. An unusual relationship forms as she becomes his protégée and learns the assassin's trade."
218,Usual Suspects,1995,Tous publics,106.0,8.5,"Crime,Drama,Mystery","Kevin Spacey,Gabriel Byrne,Chazz Palminteri",,"United States,Germany","A sole survivor tells of the twisty events leading up to a horrific gun battle on a boat, which began when five criminals met at a seemingly random police lineup."
219,Whiplash,2014,Tous publics,106.0,8.5,"Drama,Music","Miles Teller,J.K. Simmons,Melissa Benoist",,United States,A promising young drummer enrolls at a cut-throat music conservatory where his dreams of greatness are mentored by an instructor who will stop at nothing to realize a student's potential.
220,Parasite,2019,Tous publics avec avertissement,132.0,8.6,"Comedy,Drama,Thriller","Kang-ho Song,Sun-kyun Lee,Yeo-jeong Cho",,South Korea,Greed and class discrimination threaten the newly formed symbiotic relationship between the wealthy Park family and the destitute Kim clan.
221,La ligne verte,1999,12,189.0,8.6,"Crime,Drama,Fantasy","Tom Hanks,Michael Clarke Duncan,David Morse",,United States,"The lives of guards on Death Row are affected by one of their charges: a black man accused of child murder and rape, yet who has a mysterious gift."
222,Le voyage de Chihiro,2001,Tous publics,125.0,8.6,"Animation,Adventure,Family","Daveigh Chase,Suzanne Pleshette,Miyu Irino",,Japan,"During her family's move to the suburbs, a sullen 10-year-old girl wanders into a world ruled by gods, witches, and spirits, and where humans are changed into beasts."
223,Il faut sauver le soldat Ryan,1998,Tous publics avec avertissement,169.0,8.6,"Drama,War","Tom Hanks,Matt Damon,Tom Sizemore",,United States,"Following the Normandy Landings, a group of U.S. soldiers go behind enemy lines to retrieve a paratrooper whose brothers have been killed in action."
224,Harakiri,1962,Tous publics,133.0,8.6,"Action,Drama,Mystery","Tatsuya Nakadai,Akira Ishihama,Shima Iwashita",,Black and White,"When a ronin requesting seppuku at a feudal lord's palace is told of the brutal suicide of another ronin who previously visited, he reveals how their pasts are intertwined - and in doing so challenges the clan's integrity."
225,Interstellar,2014,Tous publics,169.0,8.6,"Adventure,Drama,Sci-Fi","Matthew McConaughey,Anne Hathaway,Jessica Chastain",English,,A team of explorers travel through a wormhole in space in an attempt to ensure humanity's survival.
226,La guerre des étoiles,1977,Tous publics,121.0,8.6,"Action,Adventure,Fantasy","Mark Hamill,Harrison Ford,Carrie Fisher",English,,"Luke Skywalker joins forces with a Jedi Knight, a cocky pilot, a Wookiee and two droids to save the galaxy from the Empire's world-destroying battle station, while also attempting to rescue Princess Leia from the mysterious Darth Vader."
227,Le Silence des agneaux,1991,16,118.0,8.6,"Crime,Drama,Thriller","Jodie Foster,Anthony Hopkins,Lawrence A. Bonney","English,Latin",,"A young F.B.I. cadet must receive the help of an incarcerated and manipulative cannibal killer to help catch another serial killer, a madman who skins his victims."
228,La vie est belle,1997,Tous publics,116.0,8.6,"Comedy,Drama,Romance","Roberto Benigni,Nicoletta Braschi,Giorgio Cantarini",,Italy,"When an open-minded Jewish waiter and his son become victims of the Holocaust, he uses a perfect mixture of will, humor, and imagination to protect his son from the dangers around their camp."
229,La vie est belle,1946,Tous publics,130.0,8.6,"Drama,Family,Fantasy","James Stewart,Donna Reed,Lionel Barrymore",,United States,An angel is sent from Heaven to help a desperately frustrated businessman by showing him what life would have been like if he had never existed.
230,La Cité de Dieu,2002,16,130.0,8.6,"Crime,Drama","Alexandre Rodrigues,Leandro Firmino,Matheus Nachtergaele",,"Brazil,France,Germany","In the slums of Rio, two kids' paths diverge as one struggles to become a photographer and the other a kingpin."
231,Matrix,1999,Tous publics avec avertissement,136.0,8.7,"Action,Sci-Fi","Keanu Reeves,Laurence Fishburne,Carrie-Anne Moss",English,,"When a beautiful stranger leads computer hacker Neo to a forbidding underworld, he discovers the shocking truth--the life he knows is the elaborate deception of an evil cyber-intelligence."
232,Les 7 Samouraïs,1954,Tous publics,207.0,8.6,"Action,Adventure,Drama","Toshirô Mifune,Takashi Shimura,Keiko Tsushima",,,A poor village under attack by bandits recruits seven unemployed samurai to help them defend themselves.
233,Vol au-dessus d'un nid de coucou,1975,Tous publics avec avertissement,133.0,8.7,Drama,"Jack Nicholson,Louise Fletcher,Michael Berryman",,United States,"A criminal pleads insanity and is admitted to a mental institution, where he rebels against the oppressive nurse and rallies up the scared patients."
234,Les affranchis,1990,16,146.0,8.7,"Biography,Crime,Drama","Robert De Niro,Ray Liotta,Joe Pesci",,United States,"The story of Henry Hill and his life in the mob, covering his relationship with his wife Karen Hill and his mob partners Jimmy Conway and Tommy DeVito in the Italian-American crime syndicate."
235,L'Empire contre-attaque,1980,Tous publics,124.0,8.7,"Action,Adventure,Fantasy","Mark Hamill,Harrison Ford,Carrie Fisher",,"United States,United Kingdom","After the Rebels are brutally overpowered by the Empire on the ice planet Hoth, Luke Skywalker begins Jedi training with Yoda, while his friends are pursued across the galaxy by Darth Vader and bounty hunter Boba Fett."
236,Seven,1995,12,127.0,8.6,"Crime,Drama,Mystery","Morgan Freeman,Brad Pitt,Kevin Spacey",,United States,"Two detectives, a rookie and a veteran, hunt a serial killer who uses the seven deadly sins as his motives."
237,Inception,2010,Tous publics,148.0,8.8,"Action,Adventure,Sci-Fi","Leonardo DiCaprio,Joseph Gordon-Levitt,Elliot Page","English,Japanese,French",,"A thief who steals corporate secrets through the use of dream-sharing technology is given the inverse task of planting an idea into the mind of a C.E.O., but his tragic past may doom the project and his team to disaster."
238,Forrest Gump,1994,Tous publics,142.0,8.8,"Drama,Romance","Tom Hanks,Robin Wright,Gary Sinise",English,,"The presidencies of Kennedy and Johnson, the Vietnam War, the Watergate scandal and other historical events unfold from the perspective of an Alabama man with an IQ of 75, whose only desire is to be reunited with his childhood sweetheart."
239,Pulp Fiction,1994,12,154.0,8.9,"Crime,Drama","John Travolta,Uma Thurman,Samuel L. Jackson",,,"The lives of two mob hitmen, a boxer, a gangster and his wife, and a pair of diner bandits intertwine in four tales of violence and redemption."
240,"Le Bon, la brute, le truand",1966,12,161.0,8.8,"Adventure,Western","Clint Eastwood,Eli Wallach,Lee Van Cleef",,"Italy,Spain,West Germany",A bounty hunting scam joins two men in an uneasy alliance against a third in a race to find a fortune in gold buried in a remote cemetery.
241,Le Seigneur des anneaux : La Communauté de l'anneau,2001,Tous publics,178.0,8.8,"Action,Adventure,Drama","Elijah Wood,Ian McKellen,Orlando Bloom","English,Sindarin",,A meek Hobbit from the Shire and eight companions set out on a journey to destroy the powerful One Ring and save Middle-earth from the Dark Lord Sauron.
242,Fight Club,1999,16,139.0,8.8,Drama,"Brad Pitt,Edward Norton,Meat Loaf",,"Germany,United States",An insomniac office worker and a devil-may-care soap maker form an underground fight club that evolves into much more.
243,Le Seigneur des anneaux : Les Deux Tours,2002,Tous publics,179.0,8.7,"Action,Adventure,Drama","Elijah Wood,Ian McKellen,Viggo Mortensen","English,Sindarin,Old English",,"While Frodo and Sam edge closer to Mordor with the help of the shifty Gollum, the divided fellowship makes a stand against Sauron's new ally, Saruman, and his hordes of Isengard."
244,12 Hommes en colère,1957,Tous publics,96.0,9.0,"Crime,Drama","Henry Fonda,Lee J. Cobb,Martin Balsam",,United States,The jury in a New York City murder trial is frustrated by a single member whose skeptical caution forces them to more carefully consider the evidence before jumping to a hasty verdict.
245,La liste de Schindler,1993,Tous publics,195.0,8.9,"Biography,Drama,History","Liam Neeson,Ralph Fiennes,Ben Kingsley",,United States,"In German-occupied Poland during World War II, industrialist Oskar Schindler gradually becomes concerned for his Jewish workforce after witnessing their persecution by the Nazis."
246,The Dark Knight : Le Chevalier noir,2008,Tous publics,152.0,9.0,"Action,Crime,Drama","Christian Bale,Heath Ledger,Aaron Eckhart",,"United States,United Kingdom","When the menace known as the Joker wreaks havoc and chaos on the people of Gotham, Batman must accept one of the greatest psychological and physical tests of his ability to fight injustice."
247,Le Parrain,1972,12,175.0,9.2,"Crime,Drama","Marlon Brando,Al Pacino,James Caan",,United States,The Godfather follows Vito Corleone Don of the Corleone family as he passes the mantel to his son Michael
248,Le Seigneur des anneaux : Le Retour du roi,2003,Tous publics,201.0,8.9,"Action,Adventure,Drama","Elijah Wood,Viggo Mortensen,Ian McKellen","English,Quenya,Old English,Sindarin",,Gandalf and Aragorn lead the World of Men against Sauron's army to draw his gaze from Frodo and Sam as they approach Mount Doom with the One Ring.
249,"Le Parrain, 2ᵉ partie",1974,13,202.0,9.0,"Crime,Drama","Al Pacino,Robert De Niro,Robert Duvall",,United States,"The early life and career of Vito Corleone in 1920s New York City is portrayed, while his son, Michael, expands and tightens his grip on the family crime syndicate."
